ID_PDV,Provincia,ISTAT,COMUNE,TITOLARE,INDIRIZZO,Settoremerc.non alim.,Sup.alim.,Sup.non alim.,Sup.totale,geo_x,geo_y
13820,BS,17165,RONCADELLE,RONCADELLE SHOPPING CENTRE S.R.L.,Via L. Einaudi N. 1,,3240,59976,63216,45.5331009088,10.1648542046
8812,MI,15195,SAN GIULIANO MILANESE,CARREFOUR,S.S. Emilia,,4066,4203,8269,45.3778549642,9.3070017631
6018,MB,108010,BOVISIO-MASCIAGO,E.G. CAVALLINI DI M.GRAZIA CAVALLINI E C. SAS,"Via Nazionale Dei Giovi, 27",C,0,3000,3000,45.6004890524,9.1448789843
9484,VA,12075,GERENZANO,SANTINO SPA,"Via Cervinia ,1",A,0,7497,7497,45.6341025633,9.0155843537
12021,CO,13242,VERTEMATE CON MINOPRIO,IL GIGANTE S.P.A.,"S.S. Dei Giovi, 9",,4268,500,4768,45.7158393311,9.0764203387
12554,MI,15011,ASSAGO,CVG MODA SRL,Via Della Fonte Lunga 7 - Ed. D,A,0,2000,2000,45.4013544832,9.1486550954
984,BG,16150,ORIO AL SERIO,FINSER S.P.A.,Via Portico 71,,13688,35616,49304,45.6642223188,9.6949268121
6772,BG,16037,BREMBATE,IPER MONTEBELLO SPA,"Via V. Veneto,68-S.P. 184",,4350,5124,9474,45.6070972004,9.5455451253
400,MI,15086,CORMANO,COOP LOMBARDIA SCRL,Via Gramsci Angolo Statale Dei Giovi,,2000,3060,5060,45.538966143,9.1606347343
2501,BG,16089,CURNO,LEROY MERLIN ITALIA SRL,"Via Rota, 60",D,0,10099,10099,45.6806753931,9.6050664424
2339,MI,15205,SEGRATE,ESSELUNGA S.P.A.,Via Olgia Ang. Via Cassanese Loc. Cascina Degli Ovi,,1200,1790,2990,45.4918682414,9.2698259595
8208,MI,15146,MILANO,PALLONI ANTONIO,"Viale Monza, 267",,1600,1200,2800,45.5120849115,9.2240824044
4615,BS,17126,ORZIVECCHI,GESTIONE CENTRI COMMERCIALI SRL,"Viale G. Tovini, 1",,2500,2880,5380,45.4232410231,9.9696966604
9486,BS,17029,BRESCIA,FRECCIA ROSSA SHOPPING CENTRE SRL,Viale Italia 31,,1850,13122,14972,45.5355031608,10.2082998545
178,MI,15077,CINISELLO BALSAMO,BRICO CENTER ITALIA SRL,"V.Le Brianza, 2",D,0,6180,6180,45.5504723523,9.2391327224
3227,MI,15093,CORSICO,ESSELUNGA SPA,"V.Le Delle Industrie, 4/2",,1490,4537,6027,45.4322399198,9.0814680101
6202,BG,16143,MOZZO,GRAN MERCATO DEI COLLI,"Via Dell'Industria, 2",,2504,2080,4584,45.7073793374,9.605443576
6093,VA,12133,VARESE,INIZIATIVE COMMERCIALI LOMBARDE,"P.Zza Repubblica,25",,3235,7550,10785,45.8155855004,8.8281519911
669,MI,15077,CINISELLO BALSAMO,BERTONI CAMPEGGIO SPORT,"Viale F. Testi, 140",D,0,4165,4165,45.543546188,9.2229047653
2395,MB,108024,GIUSSANO,ESSELUNGA SPA,Via Lario Ang. Via Pola,,1497,2435,3932,45.6771286525,9.2072509374
3080,MN,20071,BORGO VIRGILIO,COOP CONSUMATORI NORDEST SCARL,Piazza Commercio 1,,2827,9376,12203,45.1115507728,10.7833057586
1606,PV,18033,CASEI GEROLA,MAXI DI SRL,Via Per Voghera 9,,3500,7240,10740,45.0365469673,8.9058189746
4350,BS,17069,ERBUSCO,POLICENTROITALIA 97,"V.Rovato,44",,2784,21716,24500,45.5801255137,9.9987387916
5536,LO,98045,PIEVE FISSIRAGA,M.BUSINESS SRL,"V.Le Pavia, 1/3",C,0,6200,6200,45.2808204975,9.4631375948
5958,MI,15158,NOVIGLIO,KARTELL SPA,Via Delle Industrie 7,D,0,1800,1800,45.3405392074,9.0922161702
11785,VA,12042,CASTELLANZA,ESSELUNGA SPA,Viale Borri Angolo Viale Piemonte,,2974,1453,4427,45.602951315,8.8790077091
3220,MI,15105,GARBAGNATE MILANESE,BRICOCENTER ITALIA SRL,Via I Maggio/Via Xx Settembre,D,0,2517,2517,45.562112396,9.0823335959
3461,MI,15074,CESANO BOSCONE,FRATELLI PIAZZA SRL,"Via Croce, 7",A,0,3050,3050,45.4349995938,9.0876781662
10886,BG,16190,SAN PELLEGRINO TERME,SVILUPPO SAN PELLEGRINO SRL,Via F.Lli Calvi,,2500,4530,7030,45.8422904166,9.6658838343
1815,BG,16155,PALADINA,L'ARTIGIANA DEL MOBILE SRL,"Via Roma, 43",C,0,2300,2300,45.7334711563,9.6096197885
4171,VA,12053,COCQUIO-TREVISAGO,CENTRO COMMERCIALE COCQUIO,"C.Da Tagliabo', 4",,1870,6333,8203,45.8599123493,8.6886133318
11392,MI,15146,MILANO,COOP LOMBARDIA COOP A.R.L,"Via Gozzoli Benozzo, 130",,2700,3300,6000,45.4554538296,9.0908662473
234,MI,15062,CASTANO PRIMO,RIALTO SRL,Via Adua Ang. S.P.34,,2900,5970,8870,45.5441122428,8.7800650689
5559,MB,108012,BRUGHERIO,BENNET SPA,"V.Le Lombardia, 264",,3851,10765,14616,45.5563757801,9.3021346586
4548,VA,12072,GAVIRATE,ORA INIZIATIVA GAVIRATESE EX IL MATTONE,Viale Ticino   N.82,,1655,8345,10000,45.8386629617,8.7043174391
5292,LC,97016,CASATENOVO,ESSELUNGA SPA,Cascina Levada,,1792,2000,3792,45.6833392719,9.3175926013
9886,MI,15146,MILANO,ESSELUNGA SPA,Via Padova Angolo Via Olgettina,,2500,4500,7000,45.5115797087,9.2657444607
11153,LO,98029,GUARDAMIGLIO,DIFOOD S.R.L.,"Via Roma, 1/3",,2000,2687,4687,45.1153019553,9.6863128574
8851,MN,20002,ASOLA,ODOLINI ITALO,Viale Vittoria/Via Montello,,3200,2231,5431,45.2243388663,10.4135992053
8972,MI,15146,MILANO,DE GENNIS PAOLO,"Via R. Pitteri, 84",,2400,1400,3800,45.4780283388,9.2470599954
4293,CR,19055,MADIGNANO,MERCATONE DIECI SRL,"Via Oriolo, 37",C,0,8955,8955,45.3314262691,9.7379215954
965,VA,12070,GALLARATE,SSC.SRL,"Via Lario, 37",A,2815,1185,4000,45.6521302919,8.7846598846
1414,VA,12138,VERGIATE,EMMEZETA MODA S.R.L.,"Via Sempione, 63",A,0,3061,3061,45.7165213326,8.6907968377
5188,BS,17143,PISOGNE,ITALFRUTTA SPA,Area Ex Palini,,4000,8000,12000,45.8071091591,10.1078928817
4795,BS,17096,LUMEZZANE,ARCADIA SRL,"Via S. Nicola Da Tolentino, 25",,0,4464,4464,45.658287309,10.2407008856
13194,MI,15130,MAGENTA,OBI ITALIA SRL,Via Mainaga 31,D,0,6500,6500,45.4608122529,8.8700260653
1048,BS,17042,CASTEL MELLA,CONFORAMA ITALIA S.P.A,Via Colorne,C,0,9500,9500,45.4867656574,10.1479482895
624,BS,17029,BRESCIA,GRUPPO COIN SPA,"Corso Magenta, 2",A,249,4498,4747,45.5363409781,10.2222411172
9043,MI,15146,MILANO,BONOLA,"Via G. Quarenghi, 23",,4840,6305,11145,45.4968468414,9.1130532166
121,CR,19036,CREMONA,ESSELUNGA SPA,"Via Ghisleri, 36/38/44",,1966,1108,3074,45.1359144071,10.0356412134
12471,VA,12086,LAVENA PONTE TRESA,BENNET SPA,Via Colombo Comp. 39,,2000,1487,3487,45.9660203589,8.8549031618
4760,CR,19046,GADESCO-PIEVE DELMONA,IPER MONTEBELLO SPA,Via E. Berlinguer,,4391,17629,22020,45.1541482335,10.0986483944
2406,BS,17133,PALAZZOLO SULL'OGLIO,ITALMARK SPA,Via Mons. Piccinelli,,2900,3740,6640,45.5888499827,9.8907139211
12883,PV,18049,CIGOGNOLA,CENTRO COMMERCIALE OLTREPO' SRL,"Loc. San Giuseppe, 6",,5200,2400,7600,45.0504660877,9.2321691112
5793,MN,20003,BAGNOLO SAN VITO,FASHION DISTRICT MANTOVA S.R.L.,Localit?� Basse Di Mezzo,,0,6664,6664,45.0874739668,10.8575632657
8196,MI,15146,MILANO,ESSELUNGA SPA,Via De Angeli Carlo N. 1,,2858,2042,4900,45.442922511,9.1970575738
4014,BG,16053,CARAVAGGIO,PADANA SUPERIORE S.P.A,Via Treviglio Snc,,610,2406,3016,45.5033917449,9.6256620537
3462,MI,15074,CESANO BOSCONE,IMPRESA COSTRUZIONI NUOVA CESANO,Via B. Croce 2,,3500,11300,14800,45.4313893748,9.0884733649
6596,MI,15106,GESSATE,HOLDING DEI GIOCHI,"Via Della Filanda, 3",D,0,2890,2890,45.5443683962,9.4416504127
6652,CO,13075,COMO,ESSELUNGA S.P.A.,"Via Carloni, 92",D,1950,1150,3100,45.8034125184,9.0936612951
9483,BS,17109,MONIGA DEL GARDA,SUPERM. ITALMARK,"Via San Giovanni, 14",,1200,688,1888,45.5244056548,10.5293298174
12448,MB,108034,MUGGIO',CIENNE S.R.L.,Via Battisti/Della Giardina,A,0,2800,2800,45.5948684207,9.2415059786
14663,PV,18137,SAN MARTINO SICCOMARIO,FULL MODA TICINO SPA,Via Viii Marzo 11,A,0,3050,3050,45.1582679508,9.1304950155
6515,CO,13165,OLGIATE COMASCO,GIEM SPA,"Via Segantini, 12",A,0,2650,2650,45.7816070142,8.9639845248
2343,LO,98049,SAN ROCCO AL PORTO,AUCHAN SPA,"Via Emilia, 100",,3679,11321,15000,45.0730366126,9.7097850788
966,VA,12070,GALLARATE,IMMOBILIARE NUOVA VENEGONI SRL,Via Venegoni Angolo Viale Lombardia,,1285,5010,6295,45.6625452484,8.8006449945
3956,MB,108028,LISSONE,SILCO IMMOBILIARE SRL,"Via Valassina,82",,100,4014,4114,45.6000107534,9.2370977494
2064,LO,98048,SAN MARTINO IN STRADA,BENNET SRL,"Via Emilia Km 292,659",,2840,6805,9645,45.2816905927,9.5373971303
2727,MB,108027,LIMBIATE,SVILUPPO COMMERCIALE SRL,Via Monza N. 55,,11800,11630,23430,45.6063150426,9.1245253019
9048,MI,15146,MILANO,LEVI BROGLIO FRANCO,"Via Soresina, 14",D,0,3000,3000,45.4647762484,9.161749413
34,VA,12119,SARONNO,ESSELUNGA SPA,"Via Novara, 50/52",,2550,1350,3900,45.6211467517,9.0177612797
3298,CO,13009,ANZANO DEL PARCO,COITER,Via  Provinciale 4,A,0,2300,2300,45.7690809652,9.1949115109
1921,BG,16007,ALMENNO SAN SALVATORE,MIGROSS SPA,"Via Pitentino, 45",,566,1254,1820,45.7510904189,9.5959366002
9292,MB,108050,VIMERCATE,GIAMBELLI S.P.A.,Via Torri Bianche N. 16,,3000,5040,8040,45.6011216736,9.3588727828
13757,MI,15125,LOCATE DI TRIULZI,LOCATE DISTRICT SRL,Via Milano,,200,35000,35200,45.3586509199,9.2151860609
13220,BS,17067,DESENZANO DEL GARDA,ESSELUNGA S.P.A.,Via Mantova N.1,,2807,1203,4010,45.4569984803,10.5248775052
6676,PV,18024,BRONI,ESSELUNGA SPA,"Quartiere Piave, 53",,2420,2130,4550,45.0769326368,9.2787254604
13322,MI,15169,PAULLO,PAULLO INVESTIMENTO SRL,Via Santa Maria Mazzarello,,50,6950,7000,45.422901608,9.4086500577
13321,BG,16051,CAPRIATE SAN GERVASIO,THORUS LEOLANDIA SPA,Via V. Veneto,,1000,4000,5000,45.607053784,9.5404814762
5391,CO,13215,SOLBIATE,ESSELUNGA SPA,Via Roma 19,B,2159,1540,3699,45.7863482622,8.9303360097
13632,MI,15220,TREZZANO SUL NAVIGLIO,BIG SHOPPING SRL EX UNIEURO,Via C.Colombo,A,1064,4652,5716,45.4234034854,9.066124069
4763,CR,19046,GADESCO-PIEVE DELMONA,IPER MONTEBELLO SPA,Via G. Lonati,B,0,3000,3000,45.1572659243,10.09950777
4353,MI,15237,VIGNATE,COOP LOMBARDIA,S.P. Cassanese,,5600,19400,25000,45.5029968153,9.3705622259
3690,SO,14056,ROGOLO,S.C.EVOLUTION SRL,Via Andrea Doria N. 2,,3431,2242,5673,46.1356863128,9.4812802859
13392,BS,17092,LONATO DEL GARDA,IPER MONTEBELLO SPA,"Via Mantova, 38",D,0,3800,3800,45.4311680731,10.5139951042
629,BS,17029,BRESCIA,LEROY MERLIN ITALIA SRL,"Via Genova, 93",D,0,6500,6500,45.521189331,10.1835096368
13136,SO,14008,BIANZONE,TIRELLI ANTONIO,Via Colombini 25,,1550,660,2210,46.1890617582,10.1218512265
10229,MI,15192,SAN DONATO MILANESE,ESSELUNGA SPA,Via Dell'Unione Europea,,1600,1700,3300,45.4154823996,9.2596682949
13130,MI,15105,GARBAGNATE MILANESE,CERIANI ELETTROFORNITURE SPA,Via Peloritana/Ang. Via P.Ssa Mafalda,,1160,3840,5000,45.5777833319,9.0647007615
1915,BG,16182,ROGNO,LA VALLE CENTRO COMMERCIALE SRL,"Via Veneto, 20",,1318,4496,5814,45.86243974,10.1431298
4501,BG,16024,BERGAMO,ESSELUNGA SPA,Via Corridoni,,2302,1349,3651,45.7075683324,9.6897662698
962,VA,12070,GALLARATE,CONDOMINIO CENTRO COMMERCIALE LAGHI,"Via Varese, 22",,1060,2759,3819,45.6772222344,8.8007892079
8199,MI,15146,MILANO,BIFFI STEFANO TOMASO MARIA,V.Le Certosa 29,,30,6320,6350,45.4894458796,9.151480955
8416,VA,12075,GERENZANO,GRANDI MAGAZZINI BOSSI SPA,"Via Clerici, 196",,1200,16800,18000,45.629524322,9.0158513938
4794,MI,15122,LISCATE,MAXIDI,Strada Rivoltana,,3500,800,4300,45.4832542019,9.411256047
4384,MI,15051,CARUGATE,IKEA ITALIA RETAIL S.R.L.,S.P. 121 X S.P. 208,C,60,20805,20865,45.5494609735,9.3321439284
7246,BS,17061,CONCESIO,AUCHAN  SPA,Via Europa 8,,4200,4645,8845,45.5875042678,10.2271133973
5804,VA,12092,LUINO,NOVACOOP,"Via Ghiringhelli, 1",,1920,1000,2920,45.9975383855,8.7470783747
5522,CO,13110,GRANDATE,ARTSANA SPA,Via Tornese,A,0,2000,2000,45.7666048269,9.0548243128
10225,CO,13009,ANZANO DEL PARCO,BENNET SPA,Ss 342 Briantea,,2350,3382,5732,45.7633047833,9.204886572
2405,BS,17133,PALAZZOLO SULL'OGLIO,EUROPA SRL,V.Le Europa 6,,6560,6428,12988,45.5898633134,9.8938751162
8974,MI,15146,MILANO,BERALDO STEFANO,"C.So Buenos Aires, 35",A,50,3050,3100,45.4796732387,9.2100157763
11247,MI,15189,ROZZANO,LEROY MERLIN,"C.So Sandro Pertini, 8",D,50,8800,8850,45.3892694186,9.1743888248
620,BS,17029,BRESCIA,SOCIETA' COOPERATIVA DI CONSUMATORI COOP - LOMBARDIA ARL,"Via Corsica, 204",,2426,524,2950,45.5249291997,10.1999978451
11541,LC,97076,SIRTORI,SILCO IMMOBILIARE SRL,Via Delle Industrie 17,,0,4127,4127,45.7449230029,9.32499405
1496,CR,19102,SPINO D'ADDA,SJM ARREDI SRL,S.S. Paullese 3,C,0,1899,1899,45.4021777694,9.4688547613
14809,MB,108019,CESANO MADERNO,ALEXTOY SRL,"Via San Benedetto, 134",,900,4098,4998,45.6263562041,9.1409032627
8201,MI,15146,MILANO,BERALDO STEFANO,"V. Farini, 79/81",A,30,3613,3643,45.4954226962,9.1850521191
8204,MI,15146,MILANO,PERIN NICOLA,"Corso Vercelli, 30",A,50,3450,3500,45.4666580301,9.1605549927
11682,MI,15250,BARANZATE,LEROY MERLIN UNO SPA,Via Milano,D,0,9000,9000,45.5326558235,9.1059062502
12876,BG,16034,BOTTANUCO,IL GIGATE S.P.A.,"V.Le Papa Giovanni, 43",,3500,11200,14700,45.6423187431,9.5116642188
975,MI,15242,VIMODRONE,GALLERIE COMMERCIALI ITALIA SPA  E AUCHAN SPA,Ss 11 Padana Superiore Km 292,,5050,10066,15116,45.5108310254,9.3023676935
953,CO,13055,CASSINA RIZZARDI,BENNET S.P.A. GIA' DI.TEX.AL,"Via Risorgimento, 48",,2577,1977,4554,45.7525375718,9.0142561704
8193,MI,15146,MILANO,ESSELUNGA SPA,Via Palizzi 69 Pru N. 6.2,,3367,2593,5960,45.5068073074,9.1383371334
5291,LC,97016,CASATENOVO,BENNET S.P.A.,"V. Casati, 28",,4500,1327,5827,45.6974443673,9.3031128685
3691,VA,12108,OLGIATE OLONA,CORTI SRL,"Via Della Repubblica, 5",A,0,3425,3425,45.626200674,8.8588391864
17,BG,16115,GORLE,ITALFRUTTA S.P.A.,"V. Roma, 8",,2170,1090,3260,45.6918341761,9.7148940601
6688,MI,15154,NERVIANO,DELLAVEDOVA ARREDAMENTI SPA,Via Milano 50,C,0,2975,2975,45.5527561255,8.9842093285
3832,BS,17166,ROVATO,SMA S.P.A.,"V. Rudone, 30",,2415,3948,6363,45.5627294758,9.9946952967
13319,MI,15230,VAPRIO D'ADDA,BENNET SPA,Via Milano,,3000,1000,4000,45.5716103007,9.5187144699
3755,MI,15159,OPERA,COOP LOMBARDIA SCAR E VARIE,Localit?� Crocione,,1358,3590,4948,45.3705235008,9.211992636
10895,MB,108045,VAREDO,ESSELUNGA S.P.A.,Via Circonvallazione Sp Ex Ss 527 Bis,,2335,2470,4805,45.5944825347,9.1737552847
1354,CO,13095,ERBA,BENNET SPA,Viale Prealpi 3,,2919,6547,9466,45.8041398078,9.222357401
8211,MI,15146,MILANO,SIMONETTO ROBERTO,"Via A. Trivulzio, 12",,2240,960,3200,45.4659902586,9.1455685916
5794,MN,20003,BAGNOLO SAN VITO,FASHION DISTRICT MANTOVA S.R.L.,Localit?� Basse Di Mezzo,,0,13646,13646,45.087753112,10.8565018393
14664,PV,18137,SAN MARTINO SICCOMARIO,MAX SHOP SRL,Via Viii Marzo 11,,0,2440,2440,45.1582679508,9.1304950155
4158,CO,13041,CANTU',BENNET S.P.A,"Corso Europa, 23",,3003,10122,13125,45.7351503837,9.1143058651
1772,MI,15011,ASSAGO,MILANOFIORI 2000 SRL,Via Cascina Venina 9 - Ed. E,A,0,1800,1800,45.3994274207,9.1507040052
1779,MI,15011,ASSAGO,TRELLE SRL,Via Cascina Venina 11 - Ed. H,A,0,2000,2000,45.3999488954,9.1511924288
9888,MI,15250,BARANZATE,DECATHLON ITALIA SRL,Via Milano,D,0,3295,3295,45.531651841,9.1057718146
12879,MI,15146,MILANO,KANNES EUGENIO,Via Daimler,,5000,28000,33000,45.5140019416,9.0992451003
471,BG,16222,URGNANO,CENTRO COMMERCIALE RAMONDA SPA,"Via Provinciale, 1263",A,0,1800,1800,45.6114385961,9.693635817
10896,VA,12025,BUGUGGIATE,TIGROS SPA,Via Verdi 24,,1080,1469,2549,45.7920302331,8.7961713193
5241,CO,13047,CARLAZZO,G.S. S.P.A.,Via Regina 129,D,1119,480,1599,46.0423664233,9.156452149
6651,CO,13075,COMO,BENNET S.P.A.,"Via Asiago, 2",,3727,5129,8856,45.8372389745,9.0642098472
2569,LO,98050,SANT'ANGELO LODIGIANO,CC IL CASTELLO,Viale Trento,,3583,6417,10000,45.2318610411,9.406581789
8212,MI,15146,MILANO,COLAS DES FRANCS OLIVIER PIERRE,"Via Della Palla, 2",,1142,3578,4720,45.4613272399,9.1859575304
6077,BS,17170,SALO',G.S. SPA - SSC SRL,Via Montale 1-3-5,,953,3073,4026,45.5869455993,10.5202614079
5693,MB,108035,NOVA MILANESE,LEROY MERLIN UNO SPA,S.S. Milano Meda,D,0,7500,7500,45.5896699554,9.1748242181
4867,PV,18177,VIGEVANO,BENI STABILI S.P.A. SIIQ - IL SAGITTARIO S.P.A. - RGD GESTIONI S.R.L.,V.Le Industria 225,,4200,12300,16500,45.3087666596,8.8760192086
797,VA,12026,BUSTO ARSIZIO,CITY GARMENTS,Via Fagnano Olona,A,0,8000,8000,45.6300483683,8.8568158453
9478,BS,17029,BRESCIA,ITALMARK SPA,"Viale S. Eufemia, 108/E",,4000,5178,9178,45.5168983427,10.2877574261
7705,MN,20030,MANTOVA,S.I.B. SPA,Via Galiani 1,D,0,5700,5700,45.1674918009,10.8217110487
9056,LO,98019,CODOGNO,SMA S.P.A.,Via Moro 1/3,,630,4110,4740,45.1545052088,9.6712356556
10228,MI,15171,PESCHIERA BORROMEO,IMMOBILIARE AMETISTA SRL EX COM.EST  SRL,Ss Paullese - Via Liberazionr 8,,4000,13999,17999,45.4234247158,9.293642016
1871,MB,108054,LENTATE SUL SEVESO,BENNET SPA,Via Nazionale Dei Giovi 249,,2783,6827,9610,45.6801232569,9.1120037281
2654,SO,14054,PRATA CAMPORTACCIO,SRL EFFETRE,"Via Nazionale, 36",C,0,2384,2384,46.2891727687,9.3891275876
1351,MI,15142,MELZO,G.C.A. GENERALMARKET SRL,Via Norvegia 1,,2968,4882,7850,45.5084101337,9.4122282155
1872,MB,108054,LENTATE SUL SEVESO,DIOTTI A &  F,Via Nazionale Dei Giovi 274,C,0,3361,3361,45.6823067717,9.1115173452
6457,CO,13012,AROSIO,COLOMBO ANTONIO SNC,"Via Volta, 60",C,0,2100,2100,45.7208627018,9.2049608491
11693,MI,15105,GARBAGNATE MILANESE,PE4 SRL,Via Peloritana,,3600,25800,29400,45.5735369799,9.0669737615
13316,MI,15044,CAMBIAGO,NAVA MAURO,Via Papa Giovanni Paolo Ii,,2600,1400,4000,45.573998649,9.4152091429
6458,MB,108033,MONZA,AUTODEMOLIZIONI MAURO DI MAURO MARIO & C SNC,Via Della Novella 56,D,0,2900,2900,45.5701886215,9.2293612254
3484,MN,20017,CASTIGLIONE DELLE STIVIERE,ODOLINI GIUSEPPE - LEGALE RAPPRESENTANTE,"V. Cavour, 57",,3000,6401,9401,45.3921728039,10.4797826799
6069,MI,15130,MAGENTA,IPER MAGENTA SPA,Via Leopardi,,1900,4600,6500,45.4610719506,8.8699565806
12706,MI,15051,CARUGATE,LEROY MERLIN ITALIA SRL,S.P. 208,D,0,8000,8000,45.5498013201,9.328283299
3647,BG,16198,SERIATE,IPER MONTEBELLO SPA,"Via Brusaporto, 41",,6520,11702,18222,45.6794580702,9.7450019121
4008,MI,15209,SESTO SAN GIOVANNI,COOP LOMBARDIA/IMMOBILIARE LARICE SRL,Viale Sarca/Via Milanese,,4850,12650,17500,45.528303557,9.2176792659
3558,PV,18110,PAVIA,COOP LOMBARDIA,V.Le Campari 64,,1040,2010,3050,45.1883615586,9.1674064682
5118,BS,17165,RONCADELLE,FAR S.N.C. DI SPADA VIRGILIO,"Via Martiri D. Liberta', 23",C,0,1953,1953,45.5181436055,10.1395680948
10876,MI,15146,MILANO,DE GENNIS PAOLO,Via Adriano Pii Area Marelli Cascina S. Giuseppe,,1512,2901,4413,45.5152578863,9.2428776887
2527,VA,12121,SOLBIATE ARNO,LEROY MERLIN ITALIA SRL,"Via Del Lavoro, 40",D,0,9840,9840,45.7223776632,8.8108915324
8246,BS,17067,DESENZANO DEL GARDA,IL MERCATONE DI DESENZANO SRL,"Via Colombare Di Castiglione, 1",C,0,10361,10361,45.4482364823,10.5218630892
3189,MI,15249,VANZAGHELLO,SUPER CENTRO CALZATURE,Corso Italia 20,A,0,2360,2360,45.597079728,8.7935946422
2917,BS,17103,MANERBIO,CONSORZIO LE ARCATE,"Via Cremona, 10",,1500,2599,4099,45.3457033528,10.1341951759
10318,MI,15169,PAULLO,SOC. PAULLO CENTER SRL,Via Mazzarello,,4140,7860,12000,45.422901608,9.4086500577
6246,BS,17125,ORZINUOVI,METALMARK SRL,"Via Einaudi, 3",,4000,10141,14141,45.4091251612,9.9353796775
12428,VA,12123,SOMMA LOMBARDO,IL GIGANTE S.P.A,"Via Soragna, 1",,1960,7533,9493,45.6805600233,8.7232678706
3020,MB,108049,VILLASANTA,RIALTO SRL,Via Vecellio 1,,3500,9840,13340,45.6190955798,9.3080195415
4159,CO,13041,CANTU',COOP LOMBARDIA,"Viale Lombardia, 68",,4227,9823,14050,45.7173134862,9.1564310605
4502,BG,16024,BERGAMO,S.P.A. AUCHAN,"V. Carducci, 55",,5000,6651,11651,45.687711895,9.6486370384
3358,SO,14048,PIANTEDO,S.C. EVOLUTION,Via La Rosa 354,,3296,10746,14042,46.1407200034,9.4171728585
10276,BS,17077,GAVARDO,BENNET S.P.A.,Via Bruni Conter 2,,2000,9521,11521,45.5776859414,10.4426948492
3,CO,13133,LOMAZZO,FRAMAR SRL,Via Del Seprio 41,,1300,300,1600,45.6997568814,9.024556192
1611,LC,97042,LECCO,GALLERIE COMMERCIALI BENNET S.P.A.,"Via Amendola, 119",,4399,11601,16000,45.8540652899,9.3983206593
8215,MI,15146,MILANO,PALLONI ANTONIO,"P. Frattini, 4",,1800,1210,3010,45.4525601204,9.1428056641
5117,BS,17165,RONCADELLE,DECATHLON ITALIA S.R.L.,"Via Mattei, 33/35",A,0,3700,3700,45.531524927,10.1541162318
13318,CR,19025,CASTELLEONE,SUPERMERCATI EUROPA SPA,Via Bressanoro 73,,1500,1950,3450,45.3019984676,9.7657914466
10811,VA,12070,GALLARATE,SSC.SRL,Viale Milano 163,A,4981,3098,8079,45.6447280603,8.8195196989
3226,MI,15093,CORSICO,DECATHLON ITALIA SRL,Via Dell'Industria,D,50,4350,4400,45.4319348611,9.0805890589
8192,MI,15146,MILANO,CAPROTTI GIUSEPPE,"Via C.Isotta, 7",,2900,0,2900,45.4206609397,9.1776932252
12022,CO,13242,VERTEMATE CON MINOPRIO,PIODARREDA DI R.B.,"Via Per Bulgorello, 1",,0,2300,2300,45.724535981,9.0649424392
630,BS,17029,BRESCIA,SMA SPA,"Via San Zeno, 76",,1100,1472,2572,45.5266077513,10.2205778879
469,MI,15201,SAN VITTORE OLONA,COIN EX RINASCENTE,"S.S. Sempione, 9/11",,1432,2870,4302,45.5916874666,8.9370721467
14724,MB,108033,MONZA,LA RINASCENTE SRL,Via Italia 41,,30,3770,3800,45.5813355078,9.2735191689
13497,MN,20021,CURTATONE,SUPERMERCATI TOSANO DI CEREA,Via Parri,,2800,700,3500,45.1303622168,10.7422965318
14382,MI,15195,SAN GIULIANO MILANESE,EUFENTE SPA,Via Po,D,0,5500,5500,45.3915453066,9.2594398444
13340,BS,17029,BRESCIA,NUOVI ASSETTI URBANI SPA,"Comparto A) Sannazzaro  (Area Ex Magazzini Generali) - Area Ricompresa Fra La Via Dalmazia, Via Salgari, Via Corsica E Via Don Bosco",,4100,7500,11600,45.5276694556,10.2001802066
9817,BS,17127,OSPITALETTO,ITALMARK SPA,Via Padana Superiore,,2700,5502,8202,45.5555387651,10.0901268325
5380,CO,13128,LIMIDO COMASCO,ORCHIDEA SAS DI BIANCHI A. & C.,Via Marconi 56,C,0,1970,1970,45.6947683917,8.9781512722
7852,VA,12083,INDUNO OLONA,ESSELUNGA SPA,"Via Ronchetti, 20",,2250,1750,4000,45.8464544741,8.8408891553
3010,MB,108019,CESANO MADERNO,RIALTO SRL,Corso Liberta' Angolo Monteverdi,,1900,850,2750,45.6263562041,9.1409032627
10672,PV,18110,PAVIA,G. S. S.P.A.,Via Vigentina,,3200,7900,11100,45.2047389799,9.1737129107
2530,BS,17062,CORTE FRANCA,CENTRO FRANCIACORTA ISEO SPA,"Via Roma, 78",,980,8411,9391,45.6424400979,10.0128748934
7569,CO,13138,LURATE CACCIVIO,TAGLIABUE FRATELLI E FIGLI DI TAGLIABUE ENRICO & C.,"Via 25 Aprile, 38",C,0,3000,3000,45.7702533685,8.9893777622
129,CR,19036,CREMONA,EUROCOMMERCIAL PROPERTIES ITALIA,Via Castelleone,,6200,12630,18830,45.1501463546,9.9980317418
1934,BG,16182,ROGNO,ARREDAMENTI SRL,"Via M. Grappa, 1",C,0,2596,2596,45.8625974114,10.1468299843
6397,LC,97010,BRIVIO,ALBANI MOBILI SAS DI ALBANI,Via Como 84,C,0,1657,1657,45.7351817542,9.4202501703
10222,BS,17078,GHEDI,IMMOBILIARE IL PONTE SPA,Localit?� San Firmo,,2800,8051,10851,45.3971798252,10.267861661
10419,MI,15118,LEGNANO,ESSELUNGA SPA,Galleria Cantoni 2/4,,2238,2015,4253,45.5988112676,8.9177729482
13753,MI,15009,ARESE,TEA S.P.A.,Via Ponchielli N. 7 - 20019 Milano,,5800,49200,55000,45.5645288138,9.0547578696
9889,MI,15250,BARANZATE,ESSELUNGA SPA,Via Milano,,2040,1360,3400,45.5307622897,9.1056853158
464,LC,97020,CERNUSCO LOMBARDONE,DE GENNIS PAOLO,Via Spluga 115,,2100,1530,3630,45.6888676549,9.4024214028
10606,MI,15167,PANTIGLIATE,LEROY MERLIN ITALIA SRL,Strada Vecchia Paullese 11,D,0,8150,8150,45.4282916713,9.3716554295
4525,MB,108039,SEREGNO,EGE FIGLI DI DELL'ORTO SRL,"Via G. Galilei, 45",C,0,3100,3100,45.6481880553,9.2146107396
27,MI,15144,MESERO,KIRSCHE S.P.A.,Via Piemonte N. 1,,350,1450,1800,45.4976749323,8.8586434671
672,BS,17161,REZZATO,ROSSETTO TRADE S.R.L.,"V. Mazzini, 97",,3400,3957,7357,45.5142302252,10.2972834238
218,LO,98029,GUARDAMIGLIO,PANCOTTI SPA,"Via Emilia, 23",D,0,1596,1596,45.1158903291,9.6865956291
1778,MI,15011,ASSAGO,GS SPA,Via Milanofiori,,5896,27910,33806,45.4035339763,9.1516462407
11971,BS,17043,CASTENEDOLO,IMMOBILTRADE SRL,Localit?� Fascia D?�Oro,,0,14900,14900,45.4582887545,10.323760997
957,MN,20066,VIADANA,SMA SPA,"Via Moro, 1",,1482,2018,3500,44.9379001634,10.4896044164
10196,MI,15146,MILANO,ARNAUDO LUIGI,"Via Don L. Palazzolo, 20",,4000,1403,5403,45.4884329382,9.146383285
13315,LC,97026,COSTA MASNAGA,DOSS SPA,Via Paradiso,,0,7000,7000,45.7589153959,9.2803613611
12153,BS,17201,VILLANUOVA SUL CLISI,ITALMARK S.P.A.,"Via Zanardelli, 79",,3000,240,3240,45.6042454179,10.4596555067
949,BG,16219,TREVIGLIO,SOCRATE RETAIL S.R.L.,"Via Montegrappa, 31",,2991,4590,7581,45.5204157965,9.5819207125
14236,MB,108051,BUSNAGO,BEST BUY SRL,Via Italia 201/203,D,0,2000,2000,45.6195623107,9.4781246436
11882,MI,15249,VANZAGHELLO,BENNET,Corso Italia  27,,3500,4500,8000,45.5993088873,8.7967744181
8734,BG,16089,CURNO,EUROCOMMERCIAL PROPERTIES ITALIA SRL,"Via E. Fermi, 1",,5313,18657,23970,45.6828456532,9.6106809617
5873,CO,13227,TURATE,D'AMBROS S.R.L.,"Via Perla Massina,45",,3500,412,3912,45.646522484,8.980707704
9979,MN,20015,CASTEL GOFFREDO,IMMOBILIARE IL PONTE SPA,Via Donizetti/Via Castiglione,,3200,7800,11000,45.3020562956,10.4724405843
622,BS,17029,BRESCIA,ESSELUNGA SPA,"Via Milano, 50",,1710,1140,2850,45.5446253996,10.1949206135
14314,BG,16089,CURNO,MEGASTORE DEL IDEA SRL,Via Bergamo 23/A,C,0,1962,1962,45.6907300116,9.624136648
10087,MI,15166,PADERNO DUGNANO,GRANCASA SPA,Via Amendola 45/47,,0,7171,7171,45.5745243459,9.1790164317
4507,VA,12122,SOLBIATE OLONA,IPER MONTEBELLO SPA,Via Per Busto Arsizio 11,,5000,6682,11682,45.6410219387,8.8630467497
6653,CO,13075,COMO,COIN S.P.A.,"Via Boldoni, 3",A,485,2415,2900,45.8114736795,9.0821498496
9479,BS,17029,BRESCIA,SMA,"Via Valcamonica, 17",,2300,6037,8337,45.5458980391,10.1702217067
7210,MI,15195,SAN GIULIANO MILANESE,IPEA SRL,Via Della Pace,,30,14719,14749,45.3779998209,9.3071564259
10223,BS,17113,MONTICHIARI,ISOLA VERDE S.P.A.,"S.P. Goitese, 236 - Via Levate",,50,14850,14900,45.4368945026,10.3535476068
3479,MI,15118,LEGNANO,GRAN CASA SPA,"Via Jucker, 1/3",C,18,9232,9250,45.6109071208,8.9313319408
9427,MB,108052,CAPONAGO,LEROY MERLIN ITALIA S.R.L,Via Galileo Galilei,D,0,5600,5600,45.5699212646,9.3680516415
8970,MI,15146,MILANO,BERALDO STEFANO,"V. Polesine, 39",,30,2607,2637,45.4398899098,9.2225953231
3833,BS,17166,ROVATO,GESTIONE CENTRI COMMERCIALI SPA,Via I Maggio 36,,4000,2500,6500,45.5590711788,10.0144231539
11973,MI,15195,SAN GIULIANO MILANESE,AEDIFICAT SYNERGY SRL,Via Emilia Ang. Via Tolstoj,,2390,12350,14740,45.3809174217,9.3022841585
9393,MN,20038,OSTIGLIA,MAXI DI SRL,Via Provinciale Per Mantova,,1499,1000,2499,45.0650155421,11.137224434
8895,CO,13154,MONTANO LUCINO,BENNET SPA,"Via Cav. Enzo Ratti, 2",,3074,7810,10884,45.7859249433,9.0474002264
9715,MB,108033,MONZA,LA RINASCENTE SPA,Via Lario 17,,4818,11496,16314,45.5954798989,9.2454815418
6245,BS,17125,ORZINUOVI,IITALMARK  SPA,"Via Adua, 35",,1800,1607,3407,45.4106785002,9.9340076471
2396,MB,108024,GIUSSANO,SSC SOCIETA' SVILUPPO COMMERCIALE SRL,"Via Prealpi, 41",,3859,10606,14465,45.6899558768,9.2120038528
3808,MB,108044,USMATE VELATE,RIALTO SRL,Localita Cascina Corrada,,2628,1955,4583,45.6408057869,9.368238723
3040,MN,20045,PORTO MANTOVANO,SQUASSABIA GROUP,"Str.  Cisa, 137",C,0,2900,2900,45.2120084287,10.7959259101
11025,MN,20045,PORTO MANTOVANO,PORTO MANTOVANO SCARPE SRL,"Via Karl Marx, 2",A,0,2514,2514,45.2142720637,10.7965868583
2424,BS,17179,SIRMIONE,SQUASSABIA GROUP,Via Brescia 58,C,0,1700,1700,45.4633748511,10.5991917726
5327,BG,16003,ALBANO SANT'ALESSANDRO,AWG OUTLETS BERGAMO S.R.L.,"Via Tonale, 101",,2658,13342,16000,45.6843392738,9.7872444651
8495,SO,14045,MORBEGNO,PEZZINI SPA,Viale Stelvio 300,C,0,3627,3627,46.1374579274,9.5945790924
870,BG,16042,BRUSAPORTO,BARCELLA ARREDAMENTI SAS,"Via Bagnatica, 13",C,0,2350,2350,45.6686050239,9.7676567134
1049,BS,17042,CASTEL MELLA,GOITO SUPERMERCATI SRL,Via Della Fornace - Loc. Colorne,,1500,600,2100,45.4890541429,10.1493751583
12599,MI,15189,ROZZANO,FIORDALISO SPA,Corso S. Pertini 10/14,,212,11736,11948,45.3900324369,9.1775355372
5365,MI,15167,PANTIGLIATE,ESSELUNGA SPA,"Strada Vecchia Paullese, 15",D,2300,2200,4500,45.4286531004,9.3696799014
11529,MI,15205,SEGRATE,WESTFIELD - EX I.B.P. S.R.L.,Area Ex Dogana Segrate,,15000,115000,130000,45.4633481731,9.2736386855
1093,BS,17107,MAZZANO,AUCHAN SPA - GALLERIE COMMERCIALE SPA,Via De Gasperi 6,,5200,13669,18869,45.5015004556,10.3495552425
13644,VA,12136,VENEGONO INFERIORE,TONAZZO SRL,Via D.Chiesa,C,0,10658,10658,45.7294046684,8.8864949682
6073,VA,12133,VARESE,CERESIO SRL,Via Gasparotto,C,0,4120,4120,45.792484026,8.8302253614
13116,BS,17181,SONICO,PASQUINI GIOVANNI PAOLO,Via Nazionale 36,C,0,1638,1638,46.1668146375,10.3498530076
3483,MI,15118,LEGNANO,OBI ITALIA SRL,"Ss Saronnese, 26",D,0,5700,5700,45.6085489108,8.9215558381
3135,BS,17065,DARFO BOARIO TERME,SERMARK SPA,"Via Nazionale, 43",,4979,13585,18564,45.8722543077,10.1547750226
3692,SO,14015,CASTIONE ANDEVENNO,S.C. EVOLUTION,"Via Nazionale, 29",,3061,9607,12668,46.1625694101,9.8067784992
5534,LO,98045,PIEVE FISSIRAGA,BENNET SPA,"Viale Nazioni Unite, 1",,3500,14700,18200,45.2755265058,9.4572621262
10889,LC,97012,CALCO,ESSELUNGA SPA,Sp 342 Dir. Via Nazionale Ang. Via Scagnello,,1850,830,2680,45.7171183354,9.4073469386
10226,MI,15146,MILANO,GIOVANNI VILLA SRL,Viale Ornato N. 169 Angolo Via Del Regno Italico,,2500,1780,4280,45.5271555395,9.1916986812
5500,MI,15175,PIOLTELLO,ESSELUNGA SPA,"Via S. Francesco, 30",,2940,1965,4905,45.5029559063,9.3220603503
4049,CO,13242,VERTEMATE CON MINOPRIO,LA RINASCENTE SPA,"Via S.S. Dei Giovi, 9/B",D,0,3500,3500,45.7167185918,9.07420805
2414,MI,15182,RHO,ESSELUNGA SPA,Corso Europa Angolo Via Di Giacomo,,2790,1410,4200,45.5388305535,9.0167393294
4297,MB,108051,BUSNAGO,MERCURIO,"Via Italia, 197",,5736,29004,34740,45.6207916142,9.4739648254
14807,BG,16150,ORIO AL SERIO,ECH ITALIA 1 SRL,Via Portico,,0,6463,6463,45.6642223188,9.6949268121
12881,MI,15195,SAN GIULIANO MILANESE,IKEA ITALIA RETAIL S.R.L.,Via Po 1/3/5,,250,21750,22000,45.3898112075,9.2599635647
2415,MI,15182,RHO,RHOCENTER,Via Capuana Ang Corso Europa,,0,9438,9438,45.536921882,9.019267872
3646,BG,16198,SERIATE,LEROY MERLIN ITALIA SRL,"Via Cassinone, Snc",D,0,10000,10000,45.6579203311,9.7397242982
10892,LO,98019,CODOGNO,MAXI DI SRL,Viale  Marconi 36,,1950,1500,3450,45.1608668812,9.7187812944
11470,VA,12121,SOLBIATE ARNO,TIGROS SPA,Via Del Lavoro N. 45,,1950,2050,4000,45.7192176005,8.8101569251
6716,BS,17043,CASTENEDOLO,SMA S.P.A.,Via Brescia N. 65-67,,1990,1329,3319,45.4852040029,10.27988792
8813,MI,15195,SAN GIULIANO MILANESE,G.M.S. SRL FIN GRANCASA,Via Tolstoy 85,,0,14445,14445,45.3796265709,9.3059580391
796,VA,12026,BUSTO ARSIZIO,CENTRO COMMERCIALE TICINO,Via Delle Allodole,,2320,930,3250,45.6042650042,8.8182715919
3666,VA,12042,CASTELLANZA,GRANDI MAGAZZINI E SUPERMERCATI IL GIGANTE S.P.A.,Via Diaz 7,,4695,2012,6707,45.6066330176,8.8994890305
7704,MN,20030,MANTOVA,COOP CONSUMATORI NORDEST S.C.A R.L.,"Piazzale Beccaria, 1",,5700,6300,12000,45.1689125059,10.8232175147
4527,MI,15213,SOLARO,ESSELUNGA SPA,Via Varese 57,,1500,2000,3500,45.6167665817,9.073203952
461,PV,18095,MONTEBELLO DELLA BATTAGLIA,IPER MONTEBELLO SPA,Via Ing A Mazza,,7150,18242,25392,44.999279711,9.0743400312
13756,MN,20057,SAN GIORGIO DI MANTOVA,MARTINELLI GIAN PAOLO,Via Del Commercio,,3000,1500,4500,45.1684802981,10.8511549663
6705,MB,108004,ARCORE,ESSELUNGA S.P.A.,V. Gilera,,2086,894,2980,45.6327325129,9.3344021422
7585,CO,13222,TAVERNERIO,CARREFOUR,"Via Briantea, 4",,1629,1086,2715,45.7949485423,9.1460362695
9879,SO,14054,PRATA CAMPORTACCIO,IPERAL SPA,Via Giulio Chiarelli 4-6,,1734,1866,3600,46.3116888293,9.3973827818
3478,MI,15118,LEGNANO,BENNET SPA,"Corso Italia, 25",,1300,1300,2600,45.59620979,8.916365017
8209,MI,15146,MILANO,PALLONI ANTONIO,"Via Novara, 15",,1848,2161,4009,45.4682451265,9.1278024047
8214,MI,15146,MILANO,SIMONETTO ROBERTO,"Via Missaglia, 22",,2249,964,3213,45.4272930177,9.1768133747
1412,VA,12138,VERGIATE,CONFORAMA ITALIA SPA,"Via Sempione, 64",C,0,5390,5390,45.7175316178,8.6922770152
1088,MI,15085,CORBETTA,ESSELUNGA SPA,Via Settembrini Ang. Via Nievo,,1898,2474,4372,45.4719067228,8.905330812
7703,MN,20030,MANTOVA,IL MERCATONE DI DESENZANO SRL,Via Sartori 7/9,D,0,3800,3800,45.1560169648,10.8399389113
6654,CO,13075,COMO,BENNET S.P.A.,"Via Asiago, 40",,1920,3355,5275,45.8377404985,9.0590157598
4134,BG,16233,VERDELLO,CENTRO COMMERCIALE,Viale Piemonte,,1033,7629,8662,45.5915035377,9.6236268106
13317,MI,15209,SESTO SAN GIOVANNI,SESTO IMMOBILIARE SPA,Viale Marelli,,5000,68500,73500,45.5397266449,9.2423394894
5894,BS,17118,NIARDO,GRUPPO ESSE,Via  Brendibusio 21,C,0,3300,3300,45.9795374085,10.3226336912
619,BS,17029,BRESCIA,CARNEVALI SPA,Via Cefalonia 77,A,0,3420,3420,45.5243354271,10.2177502654
7706,MN,20030,MANTOVA,SMA SRL,"Via Verona, 83/85",,1300,1700,3000,45.1798786019,10.7885990528
194,MI,15077,CINISELLO BALSAMO,RIALTO SRL,"Via De Amicis, 2",,3474,11136,14610,45.5610829527,9.2287680254
7610,PV,18041,CAVA MANARA,G.M.C.A. - GRANDI MAGAZZINI CAVA MANARA,"Via Turati, 18,20,22",C,0,7500,7500,45.1298965715,9.1207432629
9544,BS,17161,REZZATO,BOTTI ARREDA S.R.L.,Via Mazzini 53,C,0,2853,2853,45.5134561785,10.3027242679
118,MI,15002,ABBIATEGRASSO,ESSELUNGA SPA,"Via Dante, 41",,2150,1150,3300,45.3928657172,8.9270252129
2425,PV,18039,CASTELLO D'AGOGNA,CENTRO CALZATURIERO CASTELLO SNC,Via Novara N.2,A,0,2300,2300,45.2349335916,8.6891335852
1695,LO,98040,MONTANASO LOMBARDO,IL GIGANTE SPA,Via Emilia 2,,3300,6513,9813,45.3255772244,9.4457960902
10888,BS,17195,VEROLANUOVA,PROGETTO R.E.M. SRL,"Via J,F,Kennedy Localita' Bettolino",,4000,7700,11700,45.3132348586,10.1151937155
13814,MI,15220,TREZZANO SUL NAVIGLIO,IMMOBILIARE COMMERCIALE ITALIANA,"Via Copernico,9",A,0,6740,6740,45.4190560823,9.0833830586
10224,BS,17195,VEROLANUOVA,VEROLA UNO SRL,Via Delle Robinie,,3500,8200,11700,45.3165328596,10.0730765259
8969,MI,15146,MILANO,BERALDO STEFANO,"C.So Buenos Aires, 21",,1000,2030,3030,45.4782088757,9.2084622585
807,VA,12026,BUSTO ARSIZIO,LE TORRI/ STORE HOUSE LOMBARDO SRL,Ss 33 Sempione,C,0,3300,3300,45.6188209419,8.869944949
10598,BS,17029,BRESCIA,CISALFA SPORT SPA,Via Dalmazia 90,,180,3419,3599,45.525863653,10.1969559186
8206,MI,15146,MILANO,PERIN NICOLA,"Piazzale A. Cantore, 12",A,50,3420,3470,45.4556895063,9.1725063082
3225,MI,15093,CORSICO,LEROY MERLIN ITALIA S.R.L.,V.Le  Dell' Industria 4/2,D,0,7780,7780,45.4315902905,9.0796436603
6300,MI,15181,RESCALDINA,AUCHAN SPA,"Via Togliatti, 4",,6785,16415,23200,45.6094422381,8.9632370371
6683,MI,15220,TREZZANO SUL NAVIGLIO,MARILAN SRL,"V. Curiel, 38",,2000,800,2800,45.4228704273,9.0647794427
491,BG,16222,URGNANO,EDIL COFFETTI S.R.L.,"Via Don Fadini, 31",,0,1800,1800,45.6213069719,9.7262484061
10890,LC,97022,CIVATE,SC EVOLUTION SPA,Via Papa Giovanni Xxiii Via Alla Santa,,2000,7487,9487,45.832056932,9.3510619177
1323,VA,12136,VENEGONO INFERIORE,ESSELUNGA SPA,Via Kennedy/Ang. Via Chiesa,,2075,2805,4880,45.7296633433,8.8840495456
5254,MN,20033,MARMIROLO,ROSSETTO GROUP S.R.L.,"Via Buozzi, 2",,1853,355,2208,45.2128970882,10.7608605602
14412,LC,97048,MERATE,AUCHAN SPA,Via Bergamo 19,,4300,9222,13522,45.6898606209,9.4196529708
1774,MI,15011,ASSAGO,MILANOFIORI 2000 SRL,Via Della Fonte Lunga 1 - Ed. C,D,0,3600,3600,45.4005110614,9.1482747417
11152,VA,12090,LONATE POZZOLO,BENNET SPA,Via Busto Arsizio,,3000,2749,5749,45.5942453523,8.7805831147
14034,BG,16024,BERGAMO,GRUPPO COIN S.P.A.,"V. Zambonate, 11",A,50,4400,4450,45.6925085349,9.6667889161
14354,BS,17069,ERBUSCO,S. NEGOZI S.R.L.,Via Cantarane 4,C,0,4000,4000,45.58007654,9.9961575983
2399,MI,15166,PADERNO DUGNANO,G.S. SPA,S.S.  N.  35 Dei Giovi -,,3588,17194,20782,45.5743220606,9.1806608097
6677,BS,17174,SAREZZO,ESSELUNGA SPA,P.Le Europa,,3353,0,3353,45.6457299873,10.2010496488
6395,BG,16193,SARNICO,ITALMARK  S.P.A.,"V. Predore, 27",,1000,670,1670,45.6755226211,9.9772482935
1445,VA,12138,VERGIATE,UTILITY SRL,"Via Sempione, 51",C,0,1728,1728,45.7137122203,8.6928325872
6081,VA,12004,ARCISATE,CAVALCA SPA,"Via Machiavelli, 5",A,0,2587,2587,45.8609770444,8.8777629811
14353,BS,17069,ERBUSCO,S. NEGOZI S.R.L.,Via Cantarane 4,C,0,4148,4148,45.5799330829,9.9969683564
5120,BS,17165,RONCADELLE,IKEA ITALIA RETAIL SRL - MELLA 2000 SRL,"Via M. D'Antona E M. Biagi, 9",C,90,18126,18216,45.5285606622,10.1739336553
3948,MB,108028,LISSONE,LEROY MARLIN ITALIA SRL,"Via Nuova Valassina, 57",D,0,9940,9940,45.5984993231,9.236934685
1996,CR,19005,BAGNOLO CREMASCO,GESTIONE CENTRI COMMERCIALI S.R.L.,Via L. Da Vinci  N. 61,,1500,5946,7446,45.3635354216,9.6317835373
14803,BG,16120,GRUMELLO DEL MONTE,SUPERMERCATI EUROPA,V.Roma 94,,1219,880,2099,45.6373457865,9.8780270505
10221,BG,16207,STEZZANO,ALTACERRO S.R.L.,"Via Guzzanica, 62,64",,3060,18030,21090,45.6492507258,9.6322079972
9391,MI,15154,NERVIANO,AUCHAN SPA,Ss 33 Sempione,,2600,6700,9300,45.552981291,8.9871104296
11468,MB,108027,LIMBIATE,HI TECH SPA,Via Monza N.75,,1490,8517,10007,45.5940546797,9.125205458
13341,BS,17029,BRESCIA,LONATI SPA,Viale S.Eufemia Angolo Via Serenissima,,1000,13950,14950,45.5184239749,10.2830986944
1613,LC,97042,LECCO,ESSELUNGA S.P.A.,"Via Buozzi, 15/D/E",,2600,1545,4145,45.8410306098,9.4033076748
4887,PV,18177,VIGEVANO,ESSELUNGA SPA,Via S. Maria Ang. Via Commercio,,2135,2865,5000,45.3017046406,8.8602547415
14456,BG,16024,BERGAMO,OVS S.P.A.,Via Tiraboschi 53,A,1147,2803,3950,45.693230006,9.6690429339
10231,MN,20003,BAGNOLO SAN VITO,REE ITALIA   SRL,Localit?� Zaita,,1500,3600,5100,45.0936770421,10.858872164
4506,VA,12122,SOLBIATE OLONA,FACIB DI CORTESI & C SPA,"Via Per Fagnano, 11",A,0,1800,1800,45.6553986384,8.8687680033
1546,MI,15036,BUCCINASCO,ESSELUNGA SPA,Viale Degli Alpini,,2310,490,2800,45.4337615553,9.1210457445
11972,CO,13107,GERA LARIO,S.C. EVOLUTION,"Via La Rosa N. 354,Piantedo",,0,5000,5000,46.1411911586,9.4153641697
2325,VA,12013,BESOZZO,TIGROS SPA,"Via L. Da Vinci, 1",,1487,457,1944,45.8414385056,8.6695234074
11467,BG,16009,AMBIVERE,DOSS SPA,Via Mazzini,,700,5800,6500,45.7187594417,9.5553804662
4191,BS,17081,GUSSAGO,ITALMARK SPA,"Via Richiedei, 59",,1155,2231,3386,45.5909796437,10.153011912
2466,BG,16089,CURNO,SELFITALIA SRL,"Via Bergamo, 36",D,0,4788,4788,45.6910314479,9.6206940547
6096,VA,12133,VARESE,GRUPPO COIN S.P.A.,V. V. Veneto 14,A,50,3650,3700,45.8170299823,8.8296042498
4697,MN,20021,CURTATONE,TIZIANO IMMOBILIARE SRL,Via Generale De Laugier C.M.,,4277,9025,13302,45.1529822327,10.7207133165
5113,BS,17163,RODENGO SAIANO,(FRANCIACORTA RETAIL S.R.L.DEGI FRANCIA S.R.L.),Localita Moie,,0,24551,24551,45.5774683165,10.1189600365
621,BS,17029,BRESCIA,ESSELUNGA,"Via  Volta, 54",,1300,1620,2920,45.5124706482,10.2250216519
4441,MI,15189,ROZZANO,FIORDALISO SPA,Via Curiel N. 25,,4500,29485,33985,45.392787228,9.1761902293
5504,MI,15016,BELLINZAGO LOMBARDO,ALTABASILIO SRL,Localit?� Villa Fornaci Fronte S.S. 11,,4200,23749,27949,45.546494809,9.4532820626
6514,CO,13165,OLGIATE COMASCO,BENNET SPA,Via Lomazzo 4,,1619,3361,4980,45.7825718645,8.9569687538
10094,LC,97005,BARZAGO,FIRST ATLANTIC RE SGR SPA,Via Xxv Aprile 1,,1120,1391,2511,45.7520330268,9.3243790322
4429,MI,15211,SETTIMO MILANESE,K2 FUND DI BNP PARIBAS REIM SGR PA (*),"Via Reiss Romoli, 16",,1735,5155,6890,45.4790984506,9.0627641091
8915,MB,108028,LISSONE,ESSELUNGA SPA,Via Giardino Angolo Via Valassina,,2865,8007,10872,45.6000159607,9.2306409989
1767,MI,15011,ASSAGO,LEROY MERLIN ITALIA SRL,Via Della Fonte Lunga 9 - Ed. A,D,0,13000,13000,45.398306007,9.1477940635
7207,LC,97068,PESCATE,BENNET SPA,Via Roma 7,,1950,1620,3570,45.8416942401,9.3968041781
4132,MB,108053,CORNATE D'ADDA,MERCURIO,Via Berlinguer 48,,1433,21431,22864,45.6217065069,9.475997567
1377,MI,15101,DRESANO,MASCHI MATTEO,S.P.159 Sordio-Bettola,C,0,4000,4000,45.376594461,9.3583222858
12281,BG,16144,NEMBRO,ESSELUNGA SPA,Via Cascina Colombaia N?? 3,,1960,2315,4275,45.7358733358,9.7478982928
1612,LC,97042,LECCO,COOP. DI CONSUMO LA POPOLARE S.P.A. A R.L.,"Corso Carlo Alberto, 120",,2830,5120,7950,45.8403488895,9.4085311284
617,BS,17029,BRESCIA,BENNET SPA,Via Genova 76,,2500,2800,5300,45.5208143011,10.185593242
1355,CO,13095,ERBA,LA ROTONDA,Via Trieste,,470,3324,3794,45.8035110653,9.2281519865
4383,MI,15051,CARUGATE,EUROCOMMERCIAL PROPERTIES ITALIA S.R.L.,Str. Prov. 208 Km. 2,,7278,22127,29405,45.5459222782,9.3301036099
12154,BS,17201,VILLANUOVA SUL CLISI,ITALMARK S.P.A.,"Via Zanardelli, 79",D,0,1650,1650,45.6043094267,10.4585963441
11974,BG,16075,CISERANO,TECNOCOVERING SRL,Corso Europa,,1700,650,2350,45.5926275006,9.6065322269
3485,MN,20017,CASTIGLIONE DELLE STIVIERE,SOCIETA' 1985/3,"Via Mazzini , 109",,2700,4360,7060,45.3760049296,10.5065394
7787,MN,20061,SERMIDE,RAMBALDI FAUSTO,Via Dei Cipressi 11,,1400,2554,3954,45.0070054562,11.2869815519
770,BG,16183,ROMANO DI LOMBARDIA,ZERBIMARK SPA- BENNET SPA,"Strada Statale Soncinese 498, Vi 18",,4000,17950,21950,45.5327030711,9.7586498519
2568,PV,18137,SAN MARTINO SICCOMARIO,IMMOBILIARE BENNET S.P.A,Strada Provinciale Per Mortara 3,,5800,6325,12125,45.1540265691,9.1268733619
671,MI,15077,CINISELLO BALSAMO,AUCHAN SPA,Via Castaldi 5,,5022,24328,29350,45.5573357005,9.2422719021
9878,CR,19035,CREMA,MARKETING TREND SPA - NATURA E SPORT SRL - TRIO SRL - BLOCKBUSTER ITALIA SPA,"Viale De Gasperi, 76",,290,3095,3385,45.3588163195,9.6734442622
5498,BS,17039,CARPENEDOLO,ITALMARK SPA,V. A. Pozzi,,3500,2900,6400,45.3588004828,10.4332808075
4430,MI,15211,SETTIMO MILANESE,OL.MAR SPA,"Via Gramsci, 115",,3500,4850,8350,45.4894644925,9.064302917
1773,MI,15011,ASSAGO,UNIEURO SPA,Via Della Fonte Lunga 3 - Ed. B,B,0,3650,3650,45.3993187639,9.1474155545
10894,MI,15173,PIEVE EMANUELE,ASSET SRL,Quartiere Erp Ex Incis,,1700,9300,11000,45.3424340645,9.1908325822
6072,VA,12133,VARESE,UNIEURO S.P.A.,Via Saffi 88,B,0,2600,2600,45.8347554832,8.7964277197
13320,BG,16008,ALZANO LOMBARDO,LEONARDO SPA,Via Pesenti,,2000,8250,10250,45.7318361545,9.7334742135
4010,MI,15209,SESTO SAN GIOVANNI,MALENCO S.R.L.,Area Ex Vulcano,,4200,22300,26500,45.5379672239,9.2515955121
5189,BS,17143,PISOGNE,LANZINI ARREDAMENTI SNC,"Via Provinciale, 18",C,0,3000,3000,45.8305033436,10.1301133549
14808,MI,15077,CINISELLO BALSAMO,ESPERIDE SRL,"Viale Brianza, 2",,0,4081,4081,45.5504723523,9.2391327224
6595,MI,15106,GESSATE,ESSELUNGA SPA,"Via Della Filanda, 3",,2092,523,2615,45.5440820933,9.4407383483
6252,PV,18109,PARONA,BENNET SPA,"Via Case Sparse Per Vigevano, 4",,4091,17694,21785,45.2829197531,8.7649432843
10230,MI,15204,SEDRIANO,BENNET SPA,P.Zza Gandhi N. 6,,2650,12300,14950,45.483804843,8.977200519
734,PV,18102,MORTARA,BENNET SPA,"Via Lomellina, 59",,2597,5826,8423,45.2433178546,8.7469950163
3248,MI,15157,NOVATE MILANESE,BNP PARIBAS REIM SGR P.A. KLEPIERRE,Via Amoretti 1,,3361,15989,19350,45.5196584115,9.1496924182
6094,VA,12133,VARESE,IPER MONTEBELLO SPA,"V.Le Belforte, 315",,6050,13310,19360,45.8065139988,8.8628723059
2172,BS,17092,LONATO DEL GARDA,GUEMA MACCHINE SRL,"Via Mapella, 2/4",D,0,2950,2950,45.4628635418,10.5046805708
1176,MN,20027,GONZAGA,CALZOLARI SRL,"Via Cadellora, 4/6",D,0,2000,2000,44.9563016868,10.8309092003
6097,VA,12133,VARESE,OVS S.P.A.,P. Monte Grappa/V. Marconi,A,30,2438,2468,45.8176202417,8.8268070537
2324,BG,16207,STEZZANO,S NEGOZI S.R.L.,"Via Boito, 4",C,0,8937,8937,45.653762836,9.6357114172
14662,PV,18137,SAN MARTINO SICCOMARIO,SUPERMERCATI EUROPA SRL,Via Piemonte 18/20,,2015,490,2505,45.164777098,9.1344508563
12426,BG,16016,AZZANO SAN PAOLO,COMMERZAL REAL INVESTMENTGESELISCHFT MBH,Germania-Wiesbaden,,2250,46750,49000,45.6622747328,9.694920905
12427,MI,15087,CORNAREDO,GALLERIE COMMERCIALI BENNET S.P.A.,Via Milano 30,,4000,1980,5980,45.4909156392,9.0371969246
5364,MI,15167,PANTIGLIATE,DUEPI,S.S. 415 Nuova Paullese,C,0,5302,5302,45.4293485447,9.3638409599
13437,PV,18095,MONTEBELLO DELLA BATTAGLIA,IMMOBILIARE GALLERIE COMMERCIALI,Via Mirabella,A,0,2100,2100,44.9980365023,9.0703714358
1337,CO,13064,CERMENATE,GALPAS SRL,Via Europa Unita,,900,5023,5923,45.6988928167,9.0987524961
10472,BG,16089,CURNO,ESSELUNGA SPA,"Via Bergamo, 48",,1907,2169,4076,45.6919396055,9.6156021498
5116,BS,17165,RONCADELLE,CONSORZIO OPERATORI C.C. LE RONDINELLE,"Via Mattei, 37/39",,5533,20485,26018,45.5345264842,10.1493190285
6095,VA,12133,VARESE,OVS S.P.A.,"V.Le Milano, 10",A,30,4759,4789,45.8190219409,8.8329270548
1877,BS,17088,LENO,ITALFRUTTA SPA,Via Brescia 1/A,,1850,1650,3500,45.369753211,10.2161073646
9880,BG,16132,MAPELLO,VIRGILIO SPA,Via Strada Regia 4,,4500,10490,14990,45.7129199522,9.5630394591
13,BS,17099,MAIRANO,ITALMARK SPA,S.P.,,0,8605,8605,45.4460057618,10.098169459
11975,MI,15206,SENAGO,GIAMARI SRL,"Via De Gasperi, 70",,1500,3500,5000,45.5590816511,9.1147668974
6005,MI,15165,OZZERO,PIZZI MARCO,Loc. Soria Vecchia,A,0,2600,2600,45.3576141743,8.9113399162
3480,MI,15118,LEGNANO,GRAN CASA SPA,"Via Jucker, 2",C,0,6750,6750,45.6111288507,8.9340361463
4884,LO,98011,CASELLE LANDI,MOBILI LAMBRI,"Via Papa Giovanni Xxiii, 2",C,0,1850,1850,45.1057497977,9.7876961707
2198,BG,16074,CISANO BERGAMASCO,RUGIADA,Via Milano 7,,1500,3500,5000,45.7408809743,9.4572773238
2682,MN,20065,SUZZARA,COOP. CONSUMATORI NORDEST SCRL- LA CITTA' GIARDINO S.R.L.,Via Lenin - Via Pasine,,3040,7684,10724,44.997739877,10.7343641968
3229,MI,15093,CORSICO,IKEA ITALIA RETAIL SRL  -,"Via Marchesi, 4",C,30,21445,21475,45.4277668146,9.0792527879
4516,MB,108039,SEREGNO,ESSELUNGA SPA,V.Le Repubblica Ang. Montello,,2000,1300,3300,45.6477870714,9.2265645786
5115,BS,17165,RONCADELLE,B.B.C. S.R.L.,S.S. 11 - Loc. Mandolossa,D,0,2990,2990,45.5494094633,10.136884761
14544,BG,16083,CORTENUOVA,ALFA IMMOBILIARE SRL,Via Trieste 15,,5835,23241,29076,45.5275712205,9.82002874
9485,BG,16010,ANTEGNATE,INIZIATIVA 13 SRL,Ss 11,,9000,14000,23000,45.4826870562,9.7824607092
13389,MI,15105,GARBAGNATE MILANESE,ESSELUNGA SPA,Via I?? Maggio,,2526,1874,4400,45.5631901459,9.0813005896
9881,MI,15243,VITTUONE,IPER MONTEBELLO S.P.A,Via S.P. 227 Dir (Vittuone/Cisliano) N. 2,,4032,10868,14900,45.4799792371,8.9476527539
4024,PV,18155,TORRAZZA COSTE,LEROY MERLIN ITALIA SRL EX LEROY MERLIN UNO SPA,"Via Emilia, 47",D,0,5000,5000,44.9857721161,9.077237616
4009,MI,15209,SESTO SAN GIOVANNI,ESSELUNGA SPA,Via Rovani,D,1550,3400,4950,45.5367995185,9.2306113028
3688,VA,12108,OLGIATE OLONA,ESSELUNGA SPA,"Via Fagnano, 10",,2985,1390,4375,45.6289637926,8.8589653647
457,CO,13129,LIPOMO,ESSELUNGA SPA,Via Provinciale Per Lecco 1,,2580,700,3280,45.7976181098,9.1155103783
14477,BS,17029,BRESCIA,TRIUMPLINA 43 SPA,Via Triumplina 43,,3060,6935,9995,45.5184239749,10.2830986944
5523,CO,13110,GRANDATE,IPER MONTEBELLO SPA,"Via Leopardi, 2/A",,4000,5638,9638,45.7690886214,9.0585377552
13498,MN,20021,CURTATONE,COMET SPA,Via Costituzione 27 A,B,0,4998,4998,45.129219983,10.7689634202
2208,PV,18182,VOGHERA,ESSELUNGA SPA,"Via A. Meucci, 2 A/B",,2185,1150,3335,44.9980110377,9.0163642521
3559,PV,18110,PAVIA,ESSELUNGA SPA,V. Filzi 6,,1814,1236,3050,45.1898795689,9.1484268596
4800,MB,108048,VERANO BRIANZA,SATURN EX EMPORIO ANGIUONI,"Via Furlanelli, 69",C,0,5675,5675,45.6917088041,9.2204659178
13468,BS,17040,CASTEGNATO,M.BUSINESS SRL,Via Tangenziale Ovest,C,0,7000,7000,45.5504491073,10.122636512
967,VA,12070,GALLARATE,S.S.C. SRL,"Viale Milano, 163",,4981,3321,8302,45.6447280603,8.8195196989
7436,CR,19035,CREMA,MILLENIUM GALLERY S.R.L.,Via La Pira 12,,5500,6250,11750,45.3583214259,9.6667994257
5986,MI,15158,NOVIGLIO,BAZAR DELL'ABBIGLIAMENTO S.P.A.,Via Delle Industrie 4,A,0,2005,2005,45.3405392074,9.0922161702
2919,BS,17052,CHIARI,GESTIONE CENTRI COMMERCIALI,"Via Milano, 30",,1808,700,2508,45.5332883129,9.9199689174
4526,MI,15032,BRESSO,BILLA A.G.,V. Veneto 7,D,687,2489,3176,45.5427505506,9.1895146146
10887,BS,17161,REZZATO,MAGAZZONE 2 S.R.L.,Via Breve,,0,6100,6100,45.5128302295,10.2973715214
2920,BS,17052,CHIARI,ITALMARK SPA,"Via Brescia, 31",,4000,7307,11307,45.5428776663,9.9424329938
3968,BS,17195,VEROLANUOVA,ITALFRUTTA SPA,"V. Circonvallazione, 29",,1550,393,1943,45.3332898794,10.0805700447
8182,MI,15146,MILANO,COOP LOMBARDIA (1),Viale Umbria Ang. P. Coletta- P.Le Lodi 3,,3896,4150,8046,45.4481441645,9.212032363
6794,LC,97045,MALGRATE,BRICO BUSINESS COOPERATION SRL,Via Provinciale 13,D,0,2253,2253,45.8482459905,9.3696614652
7255,BS,17078,GHEDI,MAXI DI  SRL,Via Per Isorella 6/F,,2400,2064,4464,45.3955731645,10.2815074737
396,VA,12064,DAVERIO,CC IL GIGANTE,Sp Varese-Vergiate,,1820,5350,7170,45.7661204056,8.7684177659
14356,BS,17062,CORTE FRANCA,ESSELUNGA SPA,"Via Roma,117",,2600,1600,4200,45.6435333676,10.011005604
6144,BS,17085,ISEO,SUPERMERCATI EUROPA S.R.L.,"Via Roma,94",,1206,301,1507,45.6411265382,10.0108322598
14719,SO,14015,CASTIONE ANDEVENNO,EDILBI COMMERCIALE CASTIONE SCARL,Via Del Piano,,0,6100,6100,46.1625694101,9.8067784992
12880,MI,15176,POGLIANO MILANESE,STATALE 33 S.R.L.,Area In Fregio Alla Ss33 Del Sempione E Sp229,,0,9300,9300,45.5422142956,9.0116215913
14448,PV,18095,MONTEBELLO DELLA BATTAGLIA,MONTEBELLO SRL,Via Mirabella,D,300,4940,5240,44.9980365023,9.0703714358
8971,MI,15146,MILANO,MONFERRINI GUIDO,"Foro Buonaparte, 74",A,300,2550,2850,45.4688014618,9.1823555067
14630,VA,12108,OLGIATE OLONA,GARDEN PROJECT SRL,"Via Busto Fagnano, 52",D,150,3600,3750,45.6289637926,8.8589653647
8200,MI,15146,MILANO,BALDAN ALBERTO,"Via Santa Radegonda, 3",A,702,21338,22040,45.4648403919,9.191833879
6460,MB,108033,MONZA,IPER MONTEBELLO SPA,"Via Della Guerina, 98",,4875,2375,7250,45.5858788729,9.3118052436
2169,BS,17092,LONATO DEL GARDA,CEDRO '99 SRL,Via Mantova N. 36,,7000,21226,28226,45.429311638,10.5137892029
8836,SO,14063,TALAMONA,SMA SPA,"Via Stelvio, 2/B",,1500,2000,3500,46.142808653,9.6157382469
8207,MI,15146,MILANO,BERALDO STEFANO,"C.So S. Gottardo, 29/31",,950,2520,3470,45.4491990396,9.1801844625
6019,MB,108010,BOVISIO-MASCIAGO,AUMAI S.P.A.,"Via Nazionale Dei Giovi, 41",,0,3427,3427,45.6011698435,9.1436727109
2677,CO,13154,MONTANO LUCINO,PEANTE SPA,Localita Gelata,,0,11738,11738,45.7802468855,9.0426758352
4519,MI,15210,SETTALA,FERCOLOR ITALIA SNC,Via D.Minzoni 3,D,0,1870,1870,45.4256118649,9.3926928184
8981,MB,108029,MACHERIO,ESSELUNGA S.P.A.,Via Don Gnocchi,,2733,1502,4235,45.6369105201,9.2667497787
2070,BS,17147,PONCARALE,ANCILLA SCALVINI SPA,Via S.S. 45 Bis 4,C,0,6000,6000,45.4611763188,10.2057254762
14313,MI,15146,MILANO,BORGHI ARMANDO ANTONIO CARO,"Largo Domodossola, 1a",,1036,13932,14968,45.4799797135,9.1596565932
6078,BS,17170,SALO',LA GALLERIA SRL - SMAFIN S.P.A.,"V. Montessori, 1",,765,1904,2669,45.6016403948,10.5164515063
11469,MN,20027,GONZAGA,MAXI DI SRL,"Via Brigate Garibaldine, 2",,1500,1000,2500,44.9446684362,10.8505014313
12374,MB,108051,BUSNAGO,LEROY MERLIN,Via Italia,D,0,5854,5854,45.6206496791,9.4715219581
10873,MI,15146,MILANO,ESSELUNGA SPA,"Via Lorenteggio, 219",,2700,1800,4500,45.4449499715,9.1237655037
6070,MI,15130,MAGENTA,KIRSCHE SPA,Via Piave,,0,7400,7400,45.4712417171,8.8784209679
5939,CR,19021,CASALMAGGIORE,CONSORZIO PADANO,"Via Volta, 49",,1499,4330,5829,44.9803983586,10.4293866424
6138,VA,12032,CARDANO AL CAMPO,F.LLI RIGOLIO SNC,"Via Garibaldi,4",C,0,3320,3320,45.6434527197,8.7710016224
10812,VA,12070,GALLARATE,MEDIAMARKET SPA,Viale Milano 99,B,0,3130,3130,45.6465965681,8.8146405656
2678,MI,15170,PERO,GRANCASA S.P.A.,"Via Monti, 2",C,0,6000,6000,45.5078053421,9.0980095828
2469,BG,16089,CURNO,CISALFA SPORT SPA,Via Lega Lombarda 1,A,0,2288,2288,45.6844443551,9.6119868302
3949,MB,108028,LISSONE,DECATHLON ITALIA SRL,Viale Valassina,D,50,2791,2841,45.6053236136,9.2290422892
6459,MB,108033,MONZA,ESSELUNGA SPA,"Via Brembo, 4/8",,2069,1431,3500,45.5699799626,9.2470160846
12185,BS,17164,ROE' VOLCIANO,SOCIETA' SAN MARCO S.R.L.,Via Marconi  56/58,,3750,3250,7000,45.6259980157,10.497872031
14165,MI,15154,NERVIANO,GRANCASA S.P.A.,"Via Canova, 6",D,0,8900,8900,45.554774798,8.9806811727
1777,MI,15011,ASSAGO,RIALTO SRL (EX TIDONE SRL),Via Cascina Venina 13 - Ed. H,,2625,875,3500,45.4006690621,9.1496818161
8727,MB,108034,MUGGIO',COOP LOMBARDIA,Viale Repubblica,,2000,1000,3000,45.5905035098,9.2158378361
8197,MI,15146,MILANO,ACHILLI DOMENICO,"Via G.B. Cassinis, 23",D,0,3163,3163,45.4365609004,9.2323635943
8202,MI,15146,MILANO,BERALDO STEFANO,"Via Cuneo, 2",A,30,2555,2585,45.4670544187,9.1541223339
10014,LO,98021,CORNEGLIANO LAUDENSE,CANTONI SHOES,Via Codognino,,2478,6887,9365,45.2866401112,9.4727857717
5795,MN,20003,BAGNOLO SAN VITO,SAS ARREDAMENTI PONTI DI PONTI V.P. E C.,Via  G.Rossini 6,C,0,2200,2200,45.0962047847,10.8524052555
8205,MI,15146,MILANO,PERIN NICOLA,"Piazza 5 Giornate, 1a",A,450,6088,6538,45.4625374091,9.2063460929
11039,VA,12133,VARESE,ESSELUNGA SPA,V. Caracciolo/Campi Lunghi,,2010,2410,4420,45.8354129273,8.7921947485
12586,MI,15081,COLOGNO MONZESE,ESSELUNGA SPA,Viale Lombardia Ang.Pergolesi,,1964,1615,3579,45.5415045147,9.2744925432
10818,VA,12070,GALLARATE,EXTRAMARKET SPA,"Via Lario, 37",,3090,2431,5521,45.6521302919,8.7846598846
